Campaña - Accion de conversion,,,,,,,,,,,,,,,,,
1 de septiembre de 2026 - 28 de septiembre de 2026,,,,,,,,,,,,,,,,,
Acción de conversión,Estado de la campaña,Campaña,Presupuesto,Nombre del presupuesto,Tipo de presupuesto,Código de moneda,Estado,Motivos del estado,Tipo de campaña,Costo,Impr.,CTR,Prom. CPC,Clics,Conversiones,Costo/conv.,Nivel de optimización
Formulario LR,Habilitada,VIDEOS CORPORATIVOS,120,--,Diariamente,PEN,Apta,,Búsqueda,0,0,--,0,0,9,0,"70,24"
WhatsApp Clic LR,Habilitada,VIDEOS CORPORATIVOS,120,--,Diariamente,PEN,Apta,,Búsqueda,0,0,--,0,0,0,0,"70,24"
WhatsApp Plugin LR,Habilitada,VIDEOS CORPORATIVOS,120,--,Diariamente,PEN,Apta,,Búsqueda,0,0,--,0,0,55,0,"70,24"
--,Total: Campañas,--,--,--,--,PEN,--,,--,0,0,--,0,0,64,0,--
--,Total: Campañas,--,--,--,--,PEN,--,,--,0,0,--,0,0,0,0,--
--,Total: Campañas,--,--,--,--,--,--,,--,0,0,--,0,0,0,0,--
Formulario LR,Total: Campañas,--,--,--,--,--,--,,--,0,0,--,0,0,0,0,--
WhatsApp Plugin LR,Total: Campañas,--,--,--,--,--,--,,--,0,0,--,0,0,0,0,--
--,Total: Campañas,--,--,--,--,--,--,,--,0,0,--,0,0,0,0,--
Formulario LR,Total: Campañas,--,--,--,--,PEN,--,,--,0,0,--,0,0,9,0,--
WhatsApp Plugin LR,Total: Campañas,--,--,--,--,PEN,--,,--,0,0,--,0,0,55,0,--
,Total: Cuenta,,,,,PEN,,,,"2461,69",9685,"8,34%","3,05",808,64,"38,46",
Formulario LR,Total: Cuenta,,,,,,,,,0,0,--,0,0,9,0,
WhatsApp Plugin LR,Total: Cuenta,,,,,,,,,0,0,--,0,0,55,0,
WhatsApp Clic LR,Total: Cuenta,,,,,,,,,0,0,--,0,0,0,0,
,Total: Máximo rendimiento,,,,,PEN,,,Máximo rendimiento,0,0,--,0,0,0,0,
,Total: Anuncio gráfico,,,,,PEN,,,Anuncio gráfico,0,0,--,0,0,0,0,
,Total: Búsqueda,,,,,PEN,,,Búsqueda,"2461,69",9685,"8,34%","3,05",808,64,"38,46",
WhatsApp Plugin LR,Total: Búsqueda,,,,,,,,Búsqueda,0,0,--,0,0,55,0,
Formulario LR,Total: Búsqueda,,,,,,,,Búsqueda,0,0,--,0,0,9,0,
WhatsApp Clic LR,Total: Búsqueda,,,,,,,,Búsqueda,0,0,--,0,0,0,0,