Informe de palabras clave de búsqueda,,,,,,,,,,,,,,,,,,,
1 de septiembre de 2026 - 28 de septiembre de 2026,,,,,,,,,,,,,,,,,,,
Acción de conversión,Estado de palabras clave,Palabra clave,Tipo de concordancia,Campaña,Grupo de anuncios,Estado,Motivos del estado,URL final,Impr.,Interacciones,Porcentaje de interacción,Código de moneda,Costo prom.,Costo,Clics,Porcentaje de conv.,Conversiones,Prom. CPC,Costo/conv.
WhatsApp Plugin LR,Habilitado,agencia de videos publicitarios,Concordancia amplia,VIDEOS CORPORATIVOS,videos corporativos,Apta,,,0,0,--,PEN,0,0,0,--,3,0,0
Formulario LR,Habilitado,creacion de videos publicitarios,Concordancia amplia,VIDEOS CORPORATIVOS,videos corporativos,Apta,,,0,0,--,PEN,0,0,0,--,1,0,0
WhatsApp Plugin LR,Habilitado,creacion de videos publicitarios,Concordancia amplia,VIDEOS CORPORATIVOS,videos corporativos,Apta,,,0,0,--,PEN,0,0,0,--,0,0,0
WhatsApp Plugin LR,Habilitado,"""productora de videos""",Concordancia de frase,VIDEOS CORPORATIVOS,videos corporativos,Apta,,,0,0,--,PEN,0,0,0,--,1,0,0
WhatsApp Plugin LR,Habilitado,[productora de audiovisuales],Concordancia exacta,VIDEOS CORPORATIVOS,videos corporativos,Apta,,,0,0,--,PEN,0,0,0,--,1,0,0
WhatsApp Plugin LR,Habilitado,productoras audiovisuales,Concordancia amplia,VIDEOS CORPORATIVOS,videos corporativos,Apta,,,0,0,--,PEN,0,0,0,--,3,0,0
WhatsApp Plugin LR,Habilitado,"""video publicitario""",Concordancia de frase,VIDEOS CORPORATIVOS,videos corporativos,Apta,,,0,0,--,PEN,0,0,0,--,2,0,0
Formulario LR,Habilitado,produccion audiovisual,Concordancia amplia,VIDEOS CORPORATIVOS,videos corporativos,Apta,,,0,0,--,PEN,0,0,0,--,1,0,0
WhatsApp Plugin LR,Habilitado,produccion audiovisual,Concordancia amplia,VIDEOS CORPORATIVOS,videos corporativos,Apta,,,0,0,--,PEN,0,0,0,--,14,0,0
WhatsApp Plugin LR,Habilitado,casa productora,Concordancia amplia,VIDEOS CORPORATIVOS,videos corporativos,Apta,,,0,0,--,PEN,0,0,0,--,0,0,0
Formulario LR,Habilitado,productora audiovisual,Concordancia amplia,VIDEOS CORPORATIVOS,videos corporativos,Apta,,,0,0,--,PEN,0,0,0,--,4,0,0
WhatsApp Plugin LR,Habilitado,productora audiovisual,Concordancia amplia,VIDEOS CORPORATIVOS,videos corporativos,Apta,,,0,0,--,PEN,0,0,0,--,17,0,0
WhatsApp Plugin LR,Detenido,"""productora audiovisual""",Concordancia de frase,VIDEOS CORPORATIVOS,videos corporativos,Detenida,detenido,,0,0,--,PEN,0,0,0,--,0,0,0
WhatsApp Plugin LR,Habilitado,empresa de videos,Concordancia amplia,VIDEOS CORPORATIVOS,videos corporativos,Apta,,,0,0,--,PEN,0,0,0,--,3,0,0
Formulario LR,Habilitado,spots publicitarios,Concordancia amplia,VIDEOS CORPORATIVOS,videos corporativos,Apta,,,0,0,--,PEN,0,0,0,--,2,0,0
WhatsApp Clic LR,Habilitado,spots publicitarios,Concordancia amplia,VIDEOS CORPORATIVOS,videos corporativos,Apta,,,0,0,--,PEN,0,0,0,--,0,0,0
WhatsApp Plugin LR,Habilitado,spots publicitarios,Concordancia amplia,VIDEOS CORPORATIVOS,videos corporativos,Apta,,,0,0,--,PEN,0,0,0,--,7,0,0
Formulario LR,Habilitado,videos corporativos,Concordancia amplia,VIDEOS CORPORATIVOS,videos corporativos,Apta,,,0,0,--,PEN,0,0,0,--,1,0,0
WhatsApp Clic LR,Habilitado,videos corporativos,Concordancia amplia,VIDEOS CORPORATIVOS,videos corporativos,Apta,,,0,0,--,PEN,0,0,0,--,0,0,0
WhatsApp Plugin LR,Habilitado,videos corporativos,Concordancia amplia,VIDEOS CORPORATIVOS,videos corporativos,Apta,,,0,0,--,PEN,0,0,0,--,4,0,0
--,"Total: Todas las palabras clave, excepto las quitadas",,--,--,--,--,,,0,0,--,PEN,0,0,0,--,64,0,0
--,"Total: Todas las palabras clave, excepto las quitadas",,--,--,--,--,,,0,0,--,PEN,0,0,0,--,0,0,0
--,"Total: Todas las palabras clave, excepto las quitadas",,--,--,--,--,,,0,0,--,--,0,0,0,--,0,0,0
Formulario LR,"Total: Todas las palabras clave, excepto las quitadas",,--,--,--,--,,,0,0,--,--,0,0,0,--,0,0,0
WhatsApp Plugin LR,"Total: Todas las palabras clave, excepto las quitadas",,--,--,--,--,,,0,0,--,--,0,0,0,--,0,0,0
--,"Total: Todas las palabras clave, excepto las quitadas",,--,--,--,--,,,0,0,--,--,0,0,0,--,0,0,0
Formulario LR,"Total: Todas las palabras clave, excepto las quitadas",,--,--,--,--,,,0,0,--,PEN,0,0,0,--,9,0,0
WhatsApp Plugin LR,"Total: Todas las palabras clave, excepto las quitadas",,--,--,--,--,,,0,0,--,PEN,0,0,0,--,55,0,0
,Total: Palabras clave de tu cuenta,,,,,,,,9685,808,"8,34%",PEN,"3,05","2461,69",808,"7,92%",64,"3,05","38,46"
Formulario LR,Total: Palabras clave de tu cuenta,,,,,,,,0,0,--,,0,0,0,--,9,0,0
WhatsApp Plugin LR,Total: Palabras clave de tu cuenta,,,,,,,,0,0,--,,0,0,0,--,55,0,0
WhatsApp Clic LR,Total: Palabras clave de tu cuenta,,,,,,,,0,0,--,,0,0,0,--,0,0,0
,Total: Sus palabras clave,,,,,,,,9685,808,"8,34%",PEN,"3,05","2461,69",808,"7,92%",64,"3,05","38,46"
WhatsApp Clic LR,Total: Sus palabras clave,,,,,,,,0,0,--,,0,0,0,--,0,0,0
Formulario LR,Total: Sus palabras clave,,,,,,,,0,0,--,,0,0,0,--,9,0,0
WhatsApp Plugin LR,Total: Sus palabras clave,,,,,,,,0,0,--,,0,0,0,--,55,0,0
,Total: Coincidencias expandidas de IA Max,,,,,,,,0,0,--,PEN,0,0,0,0%,0,0,0
WhatsApp Clic LR,Total: Coincidencias expandidas de IA Max,,,,,,,,0,0,--,,0,0,0,--,0,0,0
Formulario LR,Total: Coincidencias expandidas de IA Max,,,,,,,,0,0,--,,0,0,0,--,0,0,0
WhatsApp Plugin LR,Total: Coincidencias expandidas de IA Max,,,,,,,,0,0,--,,0,0,0,--,0,0,0
,Total: Coincidencias de páginas de destino de IA Max,,,,,,,,0,0,--,PEN,0,0,0,0%,0,0,0
WhatsApp Clic LR,Total: Coincidencias de páginas de destino de IA Max,,,,,,,,0,0,--,,0,0,0,--,0,0,0
Formulario LR,Total: Coincidencias de páginas de destino de IA Max,,,,,,,,0,0,--,,0,0,0,--,0,0,0
WhatsApp Plugin LR,Total: Coincidencias de páginas de destino de IA Max,,,,,,,,0,0,--,,0,0,0,--,0,0,0
,Total: Inclusiones de URLs de tu cuenta,,,,,,,,0,0,--,PEN,0,0,0,0%,0,0,0
WhatsApp Plugin LR,Total: Inclusiones de URLs de tu cuenta,,,,,,,,0,0,--,,0,0,0,--,0,0,0
Formulario LR,Total: Inclusiones de URLs de tu cuenta,,,,,,,,0,0,--,,0,0,0,--,0,0,0
WhatsApp Clic LR,Total: Inclusiones de URLs de tu cuenta,,,,,,,,0,0,--,,0,0,0,--,0,0,0
,Total: Cuenta,,,,,,,,9685,808,"8,34%",PEN,"3,05","2461,69",808,"7,92%",64,"3,05","38,46"
WhatsApp Plugin LR,Total: Cuenta,,,,,,,,0,0,--,,0,0,0,--,55,0,0
WhatsApp Clic LR,Total: Cuenta,,,,,,,,0,0,--,,0,0,0,--,0,0,0
Formulario LR,Total: Cuenta,,,,,,,,0,0,--,,0,0,0,--,9,0,0
,Total: Máximo rendimiento,,,,,,,,0,0,--,PEN,0,0,0,0%,0,0,0
,Total: Anuncio gráfico,,,,,,,,0,0,--,PEN,0,0,0,0%,0,0,0
,Total: Búsqueda,,,,,,,,9685,808,"8,34%",PEN,"3,05","2461,69",808,"7,92%",64,"3,05","38,46"
WhatsApp Plugin LR,Total: Búsqueda,,,,,,,,0,0,--,,0,0,0,--,55,0,0
WhatsApp Clic LR,Total: Búsqueda,,,,,,,,0,0,--,,0,0,0,--,0,0,0
Formulario LR,Total: Búsqueda,,,,,,,,0,0,--,,0,0,0,--,9,0,0