Informe de estadísticas de los términos de búsqueda,,,,,,,,,,,,,,,,
22 de septiembre de 2026 - 28 de septiembre de 2026 en comparación con 15 de septiembre de 2026 - 21 de septiembre de 2026,,,,,,,,,,,,,,,,
Categoría de búsqueda,Subcategoría de búsqueda,Términos de búsqueda,Impresiones,Impresiones (cambio porcentual),Clics,Clics (cambio porcentual),Conversiones,Conversiones (cambio porcentual),Valor de conv.,Valor de conv. (cambio porcentual),CTR,CTR (cambio porcentual),Porcentaje de conv.,Porcentaje de conv. (cambio porcentual),Volumen de búsquedas,Volumen de búsquedas (cambio porcentual)
brochure corporativo,Subcategoría - Total,--,1,∞,0,0.00%,0.00,0.00%,0.00,0.00%,0.00%,0.00%,0.00%,0.00%,"100 - 1,000",-9.00%
brochure corporativo,Términos de búsqueda sin clasificar,--,0,0.00%,0,0.00%,0.00,0.00%,0.00,0.00%,0.00%,0.00%,0.00%,0.00%,--,--
agencia de marketing digital,Subcategoría - Total,--,4,∞,0,0.00%,0.00,0.00%,0.00,0.00%,0.00%,0.00%,0.00%,0.00%,"100 - 1,000",-23.00%
agencia de marketing digital,Términos de búsqueda sin clasificar,--,0,0.00%,0,0.00%,0.00,0.00%,0.00,0.00%,0.00%,0.00%,0.00%,0.00%,--,--
producción audiovisual,Subcategoría - Total,--,9,350.00%,0,0.00%,0.00,0.00%,0.00,0.00%,0.00%,0.00%,0.00%,0.00%,"100 - 1,000",-4.00%
producción audiovisual,Términos de búsqueda sin clasificar,--,0,0.00%,0,0.00%,0.00,0.00%,0.00,0.00%,0.00%,0.00%,0.00%,0.00%,--,--
postproducción audiovisual,Subcategoría - Total,--,0,-100.00%,0,0.00%,0.00,0.00%,0.00,0.00%,0.00%,0.00%,0.00%,0.00%,10 - 100,-10.00%
anuncios,Subcategoría - Total,--,5,-28.57%,1,∞,0.00,0.00%,0.00,0.00%,20.00%,∞,0.00%,0.00%,"1,000 - 10,000",0.00%
anuncios,Términos de búsqueda sin clasificar,--,0,0.00%,0,0.00%,0.00,0.00%,0.00,0.00%,0.00%,0.00%,0.00%,0.00%,--,--
vídeo promocional,Subcategoría - Total,--,3,-25.00%,0,0.00%,0.00,0.00%,0.00,0.00%,0.00%,0.00%,0.00%,0.00%,"100 - 1,000",2.00%
vídeo promocional,Términos de búsqueda sin clasificar,--,0,0.00%,0,0.00%,0.00,0.00%,0.00,0.00%,0.00%,0.00%,0.00%,0.00%,--,--
proyectos audiovisuales,Subcategoría - Total,--,0,-100.00%,0,0.00%,0.00,0.00%,0.00,0.00%,0.00%,0.00%,0.00%,0.00%,0 - 10,0.00%
agencia de marketing,Subcategoría - Total,--,15,∞,3,∞,0.00,0.00%,0.00,0.00%,20.00%,0.00%,0.00%,0.00%,"100 - 1,000",38.00%
agencia de marketing,Términos de búsqueda sin clasificar,--,0,0.00%,0,0.00%,0.00,0.00%,0.00,0.00%,0.00%,0.00%,0.00%,0.00%,--,--
gpo vallas,Subcategoría - Total,--,1,∞,0,0.00%,0.00,0.00%,0.00,0.00%,0.00%,0.00%,0.00%,0.00%,10 - 100,27.00%
ads,Subcategoría - Total,--,18,∞,0,0.00%,0.00,0.00%,0.00,0.00%,0.00%,0.00%,0.00%,0.00%,"1,000 - 10,000",-8.00%
ads,Términos de búsqueda sin clasificar,--,0,0.00%,0,0.00%,0.00,0.00%,0.00,0.00%,0.00%,0.00%,0.00%,0.00%,--,--
Términos de búsqueda sin clasificar,Subcategoría - Total,--,"1,124",186.01%,124,359.26%,10.00,233.33%,10.00,233.33%,11.03%,60.58%,8.06%,-27.42%,--,--
publicitarios,Subcategoría - Total,--,14,250.00%,0,0.00%,0.00,0.00%,0.00,0.00%,0.00%,0.00%,0.00%,0.00%,"100 - 1,000",-15.00%
publicitarios,Términos de búsqueda sin clasificar,--,0,0.00%,0,0.00%,0.00,0.00%,0.00,0.00%,0.00%,0.00%,0.00%,0.00%,--,--
productoras peruanas,Subcategoría - Total,--,8,166.67%,0,-100.00%,0.00,0.00%,0.00,0.00%,0.00%,-100.00%,0.00%,0.00%,10 - 100,-19.00%
productoras peruanas,Términos de búsqueda sin clasificar,--,0,0.00%,0,0.00%,0.00,0.00%,0.00,0.00%,0.00%,0.00%,0.00%,0.00%,--,--
tierra films,Subcategoría - Total,--,1,∞,0,0.00%,0.00,0.00%,0.00,0.00%,0.00%,0.00%,0.00%,0.00%,10 - 100,26.00%
vidrush,Subcategoría - Total,--,12,∞,0,0.00%,0.00,0.00%,0.00,0.00%,0.00%,0.00%,0.00%,0.00%,"1,000,000 - 10,000,000",-1.00%
vidrush,Términos de búsqueda sin clasificar,--,0,0.00%,0,0.00%,0.00,0.00%,0.00,0.00%,0.00%,0.00%,0.00%,0.00%,--,--
contacto producciones,Subcategoría - Total,--,1,∞,0,0.00%,0.00,0.00%,0.00,0.00%,0.00%,0.00%,0.00%,0.00%,"100 - 1,000",-22.00%
agencias btl,Subcategoría - Total,--,2,∞,0,0.00%,0.00,0.00%,0.00,0.00%,0.00%,0.00%,0.00%,0.00%,10 - 100,-23.00%
agencias btl,Términos de búsqueda sin clasificar,--,0,0.00%,0,0.00%,0.00,0.00%,0.00,0.00%,0.00%,0.00%,0.00%,0.00%,--,--
anuncios publicitarios,Subcategoría - Total,--,5,150.00%,0,0.00%,0.00,0.00%,0.00,0.00%,0.00%,0.00%,0.00%,0.00%,"1,000 - 10,000",-8.00%
anuncios publicitarios,Términos de búsqueda sin clasificar,--,0,0.00%,0,0.00%,0.00,0.00%,0.00,0.00%,0.00%,0.00%,0.00%,0.00%,--,--
servicio de produccion audiovisual,Subcategoría - Total,--,11,-8.33%,0,0.00%,0.00,0.00%,0.00,0.00%,0.00%,0.00%,0.00%,0.00%,10 - 100,-19.00%
servicio de produccion audiovisual,Términos de búsqueda sin clasificar,--,0,0.00%,0,0.00%,0.00,0.00%,0.00,0.00%,0.00%,0.00%,0.00%,0.00%,--,--
casas realizadoras,Subcategoría - Total,--,4,300.00%,0,0.00%,0.00,0.00%,0.00,0.00%,0.00%,0.00%,0.00%,0.00%,10 - 100,0.00%
casas realizadoras,Términos de búsqueda sin clasificar,--,0,0.00%,0,0.00%,0.00,0.00%,0.00,0.00%,0.00%,0.00%,0.00%,0.00%,--,--
videos de publicidad cortos,Subcategoría - Total,--,3,∞,0,0.00%,0.00,0.00%,0.00,0.00%,0.00%,0.00%,0.00%,0.00%,10 - 100,-28.00%
videos de publicidad cortos,Términos de búsqueda sin clasificar,--,0,0.00%,0,0.00%,0.00,0.00%,0.00,0.00%,0.00%,0.00%,0.00%,0.00%,--,--
buzz marketing networks,Subcategoría - Total,--,1,∞,0,0.00%,0.00,0.00%,0.00,0.00%,0.00%,0.00%,0.00%,0.00%,"1,000 - 10,000",-9.00%
buzz marketing networks,Términos de búsqueda sin clasificar,--,0,0.00%,0,0.00%,0.00,0.00%,0.00,0.00%,0.00%,0.00%,0.00%,0.00%,--,--
videos para promocionar negocio,Subcategoría - Total,--,4,∞,0,0.00%,0.00,0.00%,0.00,0.00%,0.00%,0.00%,0.00%,0.00%,"100 - 1,000",8.00%
videos para promocionar negocio,Términos de búsqueda sin clasificar,--,0,0.00%,0,0.00%,0.00,0.00%,0.00,0.00%,0.00%,0.00%,0.00%,0.00%,--,--
agencia de contenidos,Subcategoría - Total,--,10,400.00%,2,100.00%,0.00,0.00%,0.00,0.00%,20.00%,-60.00%,0.00%,0.00%,10 - 100,39.00%
agencia de contenidos,Términos de búsqueda sin clasificar,--,0,0.00%,0,0.00%,0.00,0.00%,0.00,0.00%,0.00%,0.00%,0.00%,0.00%,--,--
maracuyá contenidos audiovisuales,Subcategoría - Total,--,2,-50.00%,1,∞,0.00,0.00%,0.00,0.00%,50.00%,∞,0.00%,0.00%,"100 - 1,000",-52.00%
maracuyá contenidos audiovisuales,Términos de búsqueda sin clasificar,--,0,0.00%,0,0.00%,0.00,0.00%,0.00,0.00%,0.00%,0.00%,0.00%,0.00%,--,--
productoras audiovisuales en peru,Subcategoría - Total,--,62,10.71%,12,33.33%,2.00,0.00%,2.00,0.00%,19.35%,20.43%,16.67%,-25.00%,"100 - 1,000",-2.00%
productoras audiovisuales en peru,Términos de búsqueda sin clasificar,--,0,0.00%,0,0.00%,0.00,0.00%,0.00,0.00%,0.00%,0.00%,0.00%,0.00%,--,--
paquetes audiovisuales,Subcategoría - Total,--,3,200.00%,0,0.00%,0.00,0.00%,0.00,0.00%,0.00%,0.00%,0.00%,0.00%,10 - 100,11.00%
un video audiovisual,Subcategoría - Total,--,2,∞,0,0.00%,0.00,0.00%,0.00,0.00%,0.00%,0.00%,0.00%,0.00%,10 - 100,160.00%
un video audiovisual,Términos de búsqueda sin clasificar,--,0,0.00%,0,0.00%,0.00,0.00%,0.00,0.00%,0.00%,0.00%,0.00%,0.00%,--,--
agencias publicitarias peruanas,Subcategoría - Total,--,28,460.00%,0,0.00%,0.00,0.00%,0.00,0.00%,0.00%,0.00%,0.00%,0.00%,"100 - 1,000",-5.00%
agencias publicitarias peruanas,Términos de búsqueda sin clasificar,--,0,0.00%,0,0.00%,0.00,0.00%,0.00,0.00%,0.00%,0.00%,0.00%,0.00%,--,--
productoras de peliculas,Subcategoría - Total,--,1,-75.00%,0,0.00%,0.00,0.00%,0.00,0.00%,0.00%,0.00%,0.00%,0.00%,10 - 100,15.00%
productoras de peliculas,Términos de búsqueda sin clasificar,--,0,0.00%,0,0.00%,0.00,0.00%,0.00,0.00%,0.00%,0.00%,0.00%,0.00%,--,--
videos animados empresas,Subcategoría - Total,--,0,-100.00%,0,0.00%,0.00,0.00%,0.00,0.00%,0.00%,0.00%,0.00%,0.00%,0 - 10,-17.00%
video audiovisuales,Subcategoría - Total,--,22,1000.00%,2,100.00%,0.00,0.00%,0.00,0.00%,9.09%,-81.82%,0.00%,0.00%,"100 - 1,000",10.00%
video audiovisuales,Términos de búsqueda sin clasificar,--,0,0.00%,0,0.00%,0.00,0.00%,0.00,0.00%,0.00%,0.00%,0.00%,0.00%,--,--
casas productoras,Subcategoría - Total,--,2,∞,0,0.00%,0.00,0.00%,0.00,0.00%,0.00%,0.00%,0.00%,0.00%,0 - 10,-33.00%
casas productoras,Términos de búsqueda sin clasificar,--,0,0.00%,0,0.00%,0.00,0.00%,0.00,0.00%,0.00%,0.00%,0.00%,0.00%,--,--
anuncios publicitarios audiovisuales,Subcategoría - Total,--,1,∞,0,0.00%,0.00,0.00%,0.00,0.00%,0.00%,0.00%,0.00%,0.00%,"100 - 1,000",97.00%
topview ai,Subcategoría - Total,--,2,-33.33%,0,0.00%,0.00,0.00%,0.00,0.00%,0.00%,0.00%,0.00%,0.00%,"100 - 1,000",16.00%
topview ai,Términos de búsqueda sin clasificar,--,0,0.00%,0,0.00%,0.00,0.00%,0.00,0.00%,0.00%,0.00%,0.00%,0.00%,--,--
vidnoz,Subcategoría - Total,--,1,-50.00%,0,0.00%,0.00,0.00%,0.00,0.00%,0.00%,0.00%,0.00%,0.00%,"1,000,000 - 10,000,000",-8.00%
brochure productora audiovisual,Subcategoría - Total,--,1,∞,0,0.00%,0.00,0.00%,0.00,0.00%,0.00%,0.00%,0.00%,0.00%,0 - 10,100.00%
brochure productora audiovisual,Términos de búsqueda sin clasificar,--,0,0.00%,0,0.00%,0.00,0.00%,0.00,0.00%,0.00%,0.00%,0.00%,0.00%,--,--
vidnoz ai,Subcategoría - Total,--,4,100.00%,1,∞,0.00,0.00%,0.00,0.00%,25.00%,∞,0.00%,0.00%,"10,000 - 100,000",2.00%
vidnoz ai,Términos de búsqueda sin clasificar,--,0,0.00%,0,0.00%,0.00,0.00%,0.00,0.00%,0.00%,0.00%,0.00%,0.00%,--,--
videos institucionales,Subcategoría - Total,--,8,-60.00%,0,-100.00%,0.00,0.00%,0.00,0.00%,0.00%,-100.00%,0.00%,0.00%,10 - 100,-27.00%
videos institucionales,Términos de búsqueda sin clasificar,--,0,0.00%,0,0.00%,0.00,0.00%,0.00,0.00%,0.00%,0.00%,0.00%,0.00%,--,--
promocionales,Subcategoría - Total,--,5,∞,0,0.00%,0.00,0.00%,0.00,0.00%,0.00%,0.00%,0.00%,0.00%,10 - 100,-2.00%
promocionales,Términos de búsqueda sin clasificar,--,0,0.00%,0,0.00%,0.00,0.00%,0.00,0.00%,0.00%,0.00%,0.00%,0.00%,--,--
video corporativo,Subcategoría - Total,--,12,-60.00%,1,∞,0.00,0.00%,0.00,0.00%,8.33%,∞,0.00%,0.00%,10 - 100,-14.00%
video corporativo,Términos de búsqueda sin clasificar,--,0,0.00%,0,0.00%,0.00,0.00%,0.00,0.00%,0.00%,0.00%,0.00%,0.00%,--,--
djez producciones,Subcategoría - Total,--,2,∞,0,0.00%,0.00,0.00%,0.00,0.00%,0.00%,0.00%,0.00%,0.00%,"100 - 1,000",-11.00%
agencia de diseño,Subcategoría - Total,--,9,∞,0,0.00%,0.00,0.00%,0.00,0.00%,0.00%,0.00%,0.00%,0.00%,10 - 100,-38.00%
agencia de diseño,Términos de búsqueda sin clasificar,--,0,0.00%,0,0.00%,0.00,0.00%,0.00,0.00%,0.00%,0.00%,0.00%,0.00%,--,--
productoras,Subcategoría - Total,--,6,500.00%,0,0.00%,0.00,0.00%,0.00,0.00%,0.00%,0.00%,0.00%,0.00%,10 - 100,44.00%
productoras,Términos de búsqueda sin clasificar,--,0,0.00%,0,0.00%,0.00,0.00%,0.00,0.00%,0.00%,0.00%,0.00%,0.00%,--,--
web de marketing,Subcategoría - Total,--,2,∞,0,0.00%,0.00,0.00%,0.00,0.00%,0.00%,0.00%,0.00%,0.00%,10 - 100,7.00%
web de marketing,Términos de búsqueda sin clasificar,--,0,0.00%,0,0.00%,0.00,0.00%,0.00,0.00%,0.00%,0.00%,0.00%,0.00%,--,--
marketing digital empresas,Subcategoría - Total,--,1,∞,0,0.00%,0.00,0.00%,0.00,0.00%,0.00%,0.00%,0.00%,0.00%,10 - 100,129.00%
marketing digital empresas,Términos de búsqueda sin clasificar,--,0,0.00%,0,0.00%,0.00,0.00%,0.00,0.00%,0.00%,0.00%,0.00%,0.00%,--,--
videos empresariales,Subcategoría - Total,--,4,∞,0,0.00%,0.00,0.00%,0.00,0.00%,0.00%,0.00%,0.00%,0.00%,10 - 100,36.00%
videos empresariales,Términos de búsqueda sin clasificar,--,0,0.00%,0,0.00%,0.00,0.00%,0.00,0.00%,0.00%,0.00%,0.00%,0.00%,--,--
videos publicitarios,Subcategoría - Total,--,13,30.00%,0,0.00%,0.00,0.00%,0.00,0.00%,0.00%,0.00%,0.00%,0.00%,10 - 100,1.00%
videos publicitarios,Términos de búsqueda sin clasificar,--,0,0.00%,0,0.00%,0.00,0.00%,0.00,0.00%,0.00%,0.00%,0.00%,0.00%,--,--
crear videos profesionales,Subcategoría - Total,--,2,∞,0,0.00%,0.00,0.00%,0.00,0.00%,0.00%,0.00%,0.00%,0.00%,10 - 100,-24.00%
grabación de spot publicitario,Subcategoría - Total,--,2,∞,0,0.00%,0.00,0.00%,0.00,0.00%,0.00%,0.00%,0.00%,0.00%,0 - 10,-25.00%
grabación de spot publicitario,Términos de búsqueda sin clasificar,--,0,0.00%,0,0.00%,0.00,0.00%,0.00,0.00%,0.00%,0.00%,0.00%,0.00%,--,--
flama creators,Subcategoría - Total,--,2,∞,0,0.00%,0.00,0.00%,0.00,0.00%,0.00%,0.00%,0.00%,0.00%,"100 - 1,000",-32.00%
flama creators,Términos de búsqueda sin clasificar,--,0,0.00%,0,0.00%,0.00,0.00%,0.00,0.00%,0.00%,0.00%,0.00%,0.00%,--,--
fuel your brands,Subcategoría - Total,--,1,∞,0,0.00%,0.00,0.00%,0.00,0.00%,0.00%,0.00%,0.00%,0.00%,10 - 100,8.00%
fuel your brands,Términos de búsqueda sin clasificar,--,0,0.00%,0,0.00%,0.00,0.00%,0.00,0.00%,0.00%,0.00%,0.00%,0.00%,--,--
productora audiovisual,Subcategoría - Total,--,59,-6.35%,9,28.57%,0.00,0.00%,0.00,0.00%,15.25%,37.29%,0.00%,0.00%,"100 - 1,000",22.00%
productora audiovisual,Términos de búsqueda sin clasificar,--,0,0.00%,0,0.00%,0.00,0.00%,0.00,0.00%,0.00%,0.00%,0.00%,0.00%,--,--
publicitarias,Subcategoría - Total,--,12,1100.00%,0,0.00%,0.00,0.00%,0.00,0.00%,0.00%,0.00%,0.00%,0.00%,10 - 100,9.00%
publicitarias,Términos de búsqueda sin clasificar,--,0,0.00%,0,0.00%,0.00,0.00%,0.00,0.00%,0.00%,0.00%,0.00%,0.00%,--,--
contenido digital,Subcategoría - Total,--,2,∞,0,0.00%,0.00,0.00%,0.00,0.00%,0.00%,0.00%,0.00%,0.00%,10 - 100,-3.00%
contenido digital,Términos de búsqueda sin clasificar,--,0,0.00%,0,0.00%,0.00,0.00%,0.00,0.00%,0.00%,0.00%,0.00%,0.00%,--,--
yioow creators,Subcategoría - Total,--,2,∞,1,∞,0.00,0.00%,0.00,0.00%,50.00%,0.00%,0.00%,0.00%,"100 - 1,000",9.00%
yioow creators,Términos de búsqueda sin clasificar,--,0,0.00%,0,0.00%,0.00,0.00%,0.00,0.00%,0.00%,0.00%,0.00%,0.00%,--,--
anuncios de videos,Subcategoría - Total,--,4,∞,0,0.00%,0.00,0.00%,0.00,0.00%,0.00%,0.00%,0.00%,0.00%,"100 - 1,000",1.00%
anuncios de videos,Términos de búsqueda sin clasificar,--,0,0.00%,0,0.00%,0.00,0.00%,0.00,0.00%,0.00%,0.00%,0.00%,0.00%,--,--
grabacion audiovisual,Subcategoría - Total,--,2,0.00%,0,0.00%,0.00,0.00%,0.00,0.00%,0.00%,0.00%,0.00%,0.00%,0 - 10,-75.00%
grabacion audiovisual,Términos de búsqueda sin clasificar,--,0,0.00%,0,0.00%,0.00,0.00%,0.00,0.00%,0.00%,0.00%,0.00%,0.00%,--,--
spot publicitario peru,Subcategoría - Total,--,3,50.00%,0,0.00%,0.00,0.00%,0.00,0.00%,0.00%,0.00%,0.00%,0.00%,"100 - 1,000",-10.00%
spot publicitario peru,Términos de búsqueda sin clasificar,--,0,0.00%,0,0.00%,0.00,0.00%,0.00,0.00%,0.00%,0.00%,0.00%,0.00%,--,--
producciones,Subcategoría - Total,--,2,∞,0,0.00%,0.00,0.00%,0.00,0.00%,0.00%,0.00%,0.00%,0.00%,"100 - 1,000",9.00%
producciones,Términos de búsqueda sin clasificar,--,0,0.00%,0,0.00%,0.00,0.00%,0.00,0.00%,0.00%,0.00%,0.00%,0.00%,--,--
empresas que editan videos,Subcategoría - Total,--,11,22.22%,3,50.00%,0.00,0.00%,0.00,0.00%,27.27%,22.73%,0.00%,0.00%,10 - 100,-18.00%
empresas que editan videos,Términos de búsqueda sin clasificar,--,0,0.00%,0,0.00%,0.00,0.00%,0.00,0.00%,0.00%,0.00%,0.00%,0.00%,--,--
productoras internacionales,Subcategoría - Total,--,1,∞,0,0.00%,0.00,0.00%,0.00,0.00%,0.00%,0.00%,0.00%,0.00%,0 - 10,0.00%
productoras internacionales,Términos de búsqueda sin clasificar,--,0,0.00%,0,0.00%,0.00,0.00%,0.00,0.00%,0.00%,0.00%,0.00%,0.00%,--,--
publicidad,Subcategoría - Total,--,144,453.85%,6,∞,1.00,∞,1.00,∞,4.17%,∞,16.67%,0.00%,"1,000 - 10,000",4.00%
publicidad,Términos de búsqueda sin clasificar,--,0,0.00%,0,0.00%,0.00,0.00%,0.00,0.00%,0.00%,0.00%,0.00%,0.00%,--,--
crear anuncios animados,Subcategoría - Total,--,0,-100.00%,0,0.00%,0.00,0.00%,0.00,0.00%,0.00%,0.00%,0.00%,0.00%,10 - 100,-19.00%
creamos,Subcategoría - Total,--,9,∞,0,0.00%,0.00,0.00%,0.00,0.00%,0.00%,0.00%,0.00%,0.00%,10 - 100,9.00%
creamos,Términos de búsqueda sin clasificar,--,0,0.00%,0,0.00%,0.00,0.00%,0.00,0.00%,0.00%,0.00%,0.00%,0.00%,--,--
videos comerciales,Subcategoría - Total,--,4,∞,0,0.00%,0.00,0.00%,0.00,0.00%,0.00%,0.00%,0.00%,0.00%,10 - 100,100.00%
videos comerciales,Términos de búsqueda sin clasificar,--,0,0.00%,0,0.00%,0.00,0.00%,0.00,0.00%,0.00%,0.00%,0.00%,0.00%,--,--