Informe de ubicaciones,,,,,,,,,,,
1 de septiembre de 2026 - 28 de septiembre de 2026,,,,,,,,,,,
Acción de conversión,Ubicación,Campaña,Impr.,Interacciones,Porcentaje de interacción,Código de moneda,Costo prom.,Costo,Porcentaje de conv.,Conversiones,Costo/conv.
tierrafilms (web) click_whatsapp,"Lima, Provincia de Lima, Perú",VIDEOS CORPORATIVOS,0,0,--,PEN,0,0,--,0,0
tierrafilms (web) formulario_enviado,"Lima, Provincia de Lima, Perú",VIDEOS CORPORATIVOS,0,0,--,PEN,0,0,--,0,0
WhatsApp Plugin LR,"Lima, Provincia de Lima, Perú",VIDEOS CORPORATIVOS,0,0,--,PEN,0,0,--,54,0
tierrafilms (web) gracias_formulario,"Lima, Provincia de Lima, Perú",VIDEOS CORPORATIVOS,0,0,--,PEN,0,0,--,0,0
Formulario LR,"Lima, Provincia de Lima, Perú",VIDEOS CORPORATIVOS,0,0,--,PEN,0,0,--,8,0
WhatsApp Clic LR,"Lima, Provincia de Lima, Perú",VIDEOS CORPORATIVOS,0,0,--,PEN,0,0,--,0,0
WhatsApp Plugin LR,"Callao, Callao, Perú",VIDEOS CORPORATIVOS,0,0,--,PEN,0,0,--,1,0
WhatsApp Clic LR,"Callao, Callao, Perú",VIDEOS CORPORATIVOS,0,0,--,PEN,0,0,--,0,0
tierrafilms (web) click_whatsapp,"Callao, Callao, Perú",VIDEOS CORPORATIVOS,0,0,--,PEN,0,0,--,0,0
tierrafilms (web) gracias_formulario,"Callao, Callao, Perú",VIDEOS CORPORATIVOS,0,0,--,PEN,0,0,--,0,0
Formulario LR,"Callao, Callao, Perú",VIDEOS CORPORATIVOS,0,0,--,PEN,0,0,--,1,0
,Total: Ubicaciones,,9626,792,"8,23%",PEN,"2,95","2336,81","8,08%",64,"36,51"
Formulario LR,Total: Ubicaciones,,0,0,--,--,0,0,--,9,0
WhatsApp Plugin LR,Total: Ubicaciones,,0,0,--,--,0,0,--,55,0
,Total: Otras ubicaciones,,0,0,--,PEN,0,0,0%,0,0
tierrafilms (web) gracias_formulario,Total: Otras ubicaciones,,0,0,--,--,0,0,--,0,0
WhatsApp Clic LR,Total: Otras ubicaciones,,0,0,--,--,0,0,--,0,0
tierrafilms (web) formulario_enviado,Total: Otras ubicaciones,,0,0,--,--,0,0,--,0,0
WhatsApp Plugin LR,Total: Otras ubicaciones,,0,0,--,--,0,0,--,0,0
tierrafilms (web) click_whatsapp,Total: Otras ubicaciones,,0,0,--,--,0,0,--,0,0
Formulario LR,Total: Otras ubicaciones,,0,0,--,--,0,0,--,0,0
,Total: Cuenta,,9685,808,"8,34%",PEN,"3,05","2461,69","7,92%",64,"38,46"
Formulario LR,Total: Cuenta,,0,0,--,--,0,0,--,9,0
tierrafilms (web) formulario_enviado,Total: Cuenta,,0,0,--,--,0,0,--,0,0
WhatsApp Clic LR,Total: Cuenta,,0,0,--,--,0,0,--,0,0
WhatsApp Plugin LR,Total: Cuenta,,0,0,--,--,0,0,--,55,0
tierrafilms (web) gracias_formulario,Total: Cuenta,,0,0,--,--,0,0,--,0,0
tierrafilms (web) click_whatsapp,Total: Cuenta,,0,0,--,--,0,0,--,0,0
,Total: Máximo rendimiento,,0,0,--,PEN,0,0,0%,0,0
,Total: Anuncio gráfico,,0,0,--,PEN,0,0,0%,0,0
,Total: Búsqueda,,9685,808,"8,34%",PEN,"3,05","2461,69","7,92%",64,"38,46"
WhatsApp Plugin LR,Total: Búsqueda,,0,0,--,--,0,0,--,55,0
WhatsApp Clic LR,Total: Búsqueda,,0,0,--,--,0,0,--,0,0
tierrafilms (web) click_whatsapp,Total: Máximo rendimiento,,0,0,--,--,0,0,--,0,0
tierrafilms (web) formulario_enviado,Total: Búsqueda,,0,0,--,--,0,0,--,0,0
tierrafilms (web) click_whatsapp,Total: Búsqueda,,0,0,--,--,0,0,--,0,0
tierrafilms (web) gracias_formulario,Total: Búsqueda,,0,0,--,--,0,0,--,0,0
tierrafilms (web) click_whatsapp,Total: Anuncio gráfico,,0,0,--,--,0,0,--,0,0
Formulario LR,Total: Búsqueda,,0,0,--,--,0,0,--,9,0